<?xml version="1.0" encoding="UTF-8" ?>
<XMLDB PATH="mod/quiz/accessrule/eproctoring/db" VERSION="20111003" COMMENT="XMLDB file for Moodle mod/quiz/accessrule/eproctoring"
    xmlns:xsi="http://www.w3.org/2001/XMLSchema-instance"
    xsi:noNamespaceSchemaLocation="../../../../../lib/xmldb/xmldb.xsd"
>
  <TABLES>
    <TABLE NAME="quizaccess_eproctoring" COMMENT="Stores all the settings for this accessrule">
      <FIELDS>
        <FIELD NAME="id" TYPE="int" LENGTH="10" NOTNULL="true" UNSIGNED="true" SEQUENCE="true" NEXT="quizid"/>
        <FIELD NAME="quizid" TYPE="int" LENGTH="10" NOTNULL="true" UNSIGNED="false" SEQUENCE="false" COMMENT="Foreign key related to quiz.id." PREVIOUS="id" NEXT="eproctoringrequired"/>
        <FIELD NAME="eproctoringrequired" TYPE="int" LENGTH="2" NOTNULL="true" UNSIGNED="false" DEFAULT="0" SEQUENCE="false" COMMENT="If 1 then the quiz require identity validation." PREVIOUS="quizid"/>
      </FIELDS>
      <KEYS>
        <KEY NAME="primary" TYPE="primary" FIELDS="id" NEXT="quizid"/>
        <KEY NAME="quizid" TYPE="foreign-unique" FIELDS="quizid" REFTABLE="quiz" REFFIELDS="id" PREVIOUS="primary"/>
      </KEYS>
    </TABLE>
        <TABLE NAME="quizaccess_eproctoring_logs" COMMENT="Stores all validations for reporting">
      <FIELDS>
        <FIELD NAME="id" TYPE="int" LENGTH="10" NOTNULL="true" UNSIGNED="true" SEQUENCE="true" NEXT="courseid"/>
        <FIELD NAME="courseid" TYPE="int" LENGTH="10" NOTNULL="true" UNSIGNED="false" SEQUENCE="false" COMMENT="Course id." PREVIOUS="id" NEXT="quizid"/>
        <FIELD NAME="quizid" TYPE="int" LENGTH="10" NOTNULL="true" UNSIGNED="false" SEQUENCE="false" COMMENT="Quiz id" PREVIOUS="courseid" NEXT="userid"/>
        <FIELD NAME="userid" TYPE="int" LENGTH="10" NOTNULL="true" UNSIGNED="false" DEFAULT="0" SEQUENCE="false" COMMENT="User who validate identity" PREVIOUS="quizid" NEXT="profilepicture"/>
        <FIELD NAME="profilepicture" TYPE="text" NOTNULL="true" UNSIGNED="false" SEQUENCE="false" COMMENT="Profile picture used for validation purposes" PREVIOUS="userid" NEXT="webcampicture"/>
        <FIELD NAME="webcampicture" TYPE="text" NOTNULL="true" UNSIGNED="false" SEQUENCE="false" COMMENT="Webcam photo used for validation purposes" PREVIOUS="profilepicture" NEXT="status"/>
        <FIELD NAME="status" TYPE="int" LENGTH="10" NOTNULL="true" UNSIGNED="true" SEQUENCE="false" COMMENT="Validation process status" PREVIOUS="webcampicture" NEXT="timemodified"/>
        <FIELD NAME="timemodified" TYPE="int" LENGTH="10" NOTNULL="true" UNSIGNED="true" SEQUENCE="false" COMMENT="Validation process date and time" PREVIOUS="status"/>
      </FIELDS>
      <KEYS>
        <KEY NAME="primary" TYPE="primary" FIELDS="id" NEXT="quizid"/>
      </KEYS>
    </TABLE>
  </TABLES>
</XMLDB>
